COMMENT	
PARTIAL PRESSURE	1.3e-09
F1((1=on,0=off))	1
F2((1=on,0=off))	0
cage(V)	3.0
delta-m(%)	+0
electron-energy(V)	70.0
emission(uA)	1000.000
focus(V)	-90
mass(amu)	5.50
mode-change-delay()	
multiplier(V)	840
resolution(%)	+0
Data()	
input selection	Faraday
aquisition format	Standard aquisition
dwell	100 %
start mass	1.000000
end mass	100.000000
increment	0.200000
Mass	Current
4.90000009536743164000	-0.00000000000069874998
4.80000019073486328000	-0.00000000000073100000
4.69999980926513672000	-0.00000000000069337499
4.59999990463256836000	-0.00000000000072024998
4.50000000000000000000	-0.00000000000072024998
4.40000009536743164000	-0.00000000000076324998
4.30000019073486328000	-0.00000000000045150000
4.19999980926513672000	-0.00000000000078474998
4.09999990463256836000	-0.00000000000045687499
4.00000000000000000000	-0.00000000000079550000
3.90000009536743164000	-0.00000000000069874998
3.79999995231628418000	-0.00000000000072024998
3.70000004768371582000	-0.00000000000072562502
3.59999990463256836000	-0.00000000000074712502
3.50000000000000000000	-0.00000000000070412502
3.40000009536743164000	-0.00000000000080624998
3.29999995231628418000	-0.00000000000068262502
3.20000004768371582000	-0.00000000000070950000
3.09999990463256836000	-0.00000000000079550000
3.00000000000000000000	-0.00000000000076862502
2.90000009536743164000	-0.00000000000066650000
2.79999995231628418000	-0.00000000000088687499
2.70000004768371582000	-0.00000000000049987499
2.59999990463256836000	-0.00000000000062350000
2.50000000000000000000	-0.00000000000036012499
2.40000009536743164000	0.00000000000022037500
2.29999995231628418000	0.00000000000039775000
2.20000004768371582000	0.00000000000079550000
2.09999990463256836000	0.00000000000070950000
2.00000000000000000000	0.00000000000080624998
1.89999997615814209000	0.00000000000071487499
1.79999995231628418000	0.00000000000013437500
1.70000004768371582000	0.00000000000013975000
1.60000002384185791000	-0.00000000000049987499
1.50000000000000000000	-0.00000000000048374998
1.39999997615814209000	0.00000000000003225000
1.29999995231628418000	0.00000000000043537499
1.20000004768371582000	0.00000000000039237499
1.10000002384185791000	0.00000000000038700000
1.00000000000000000000	0.00000000000034937499
